Date,Adj Close,daily_return
2017-01-03,58.291969299316406,
2017-01-04,58.03114700317383,-0.004474412157930541
2017-01-05,58.03114700317383,0.0
2017-01-06,58.534156799316406,0.008667927864928648
2017-01-09,58.34785461425781,-0.0031827943758945265
2017-01-10,58.3292236328125,-0.0003193087658232008
2017-01-11,58.86016082763672,0.009102421766600477
2017-01-12,58.319908142089844,-0.009178579839917989
2017-01-13,58.40374755859375,0.0014375779930866361
2017-01-17,58.24539184570313,-0.002711396434479596
2017-01-18,58.21745300292969,-0.0004796747328519313
2017-01-19,58.03114700317383,-0.0032001743488586643
2017-01-20,58.44101333618164,0.007062868031634695
2017-01-23,58.64592742919922,0.0035063405187518715
2017-01-24,59.167564392089844,0.008894683497338685
2017-01-25,59.31659698486328,0.0025188225052805713
2017-01-26,59.86616134643555,0.009264934091085975
2017-01-27,61.2726936340332,0.023494612915939017
2017-01-30,60.667236328125,-0.009881356114755602
2017-01-31,60.22012329101562,-0.007369925913406128
2017-02-01,59.22344589233398,-0.016550570543756082
2017-02-02,58.84153366088867,-0.006448666160689287
2017-02-03,59.31659698486328,0.0080736054011179
2017-02-06,59.279335021972656,-0.0006281878055164336
2017-02-07,59.0837287902832,-0.0032997372797274327
2017-02-08,58.999900817871094,-0.0014187996277225112
2017-02-09,59.67055130004883,0.011366976433536458
2017-02-10,59.61466598510742,-0.0009365644145030716
2017-02-13,60.28534317016602,0.011250204525613539
2017-02-14,60.51025009155274,0.003730706496135827
2017-02-15,60.47276306152344,-0.0006195153709096513
2017-02-16,60.46337509155274,-0.00015524294732727206
2017-02-17,60.55709838867188,0.001550083781747702
2017-02-21,60.43526840209961,-0.0020118200807828224
2017-02-22,60.31344223022461,-0.0020158125395330906
2017-02-23,60.55709838867188,0.004039831742933986
2017-02-24,60.55709838867188,0.0
2017-02-27,60.19161987304688,-0.006035271262160857
2017-02-28,59.95733642578125,-0.003892293441508432
2017-03-01,60.85698699951172,0.015004845567883285
2017-03-02,59.98545837402344,-0.014320929583570674
2017-03-03,60.210365295410156,0.0037493573856579587
2017-03-06,60.2291030883789,0.0003112054357552463
2017-03-07,60.35093688964844,0.002022839375355856
2017-03-08,60.9038314819336,0.009161325752011562
2017-03-09,60.66018295288086,-0.004000545173007963
2017-03-10,60.84760665893555,0.0030897319614131558
2017-03-13,60.64144515991211,-0.0033881611840382853
2017-03-14,60.36030197143555,-0.004636155812830389
2017-03-15,60.67893600463867,0.0052788674475803266
2017-03-16,60.575843811035156,-0.0016989782681033905
2017-03-17,60.7913818359375,0.0035581514237705836
2017-03-20,60.84760665893555,0.0009248814766176228
2017-03-21,60.1728744506836,-0.011088886569260992
2017-03-22,60.94131851196289,0.012770605830191739
2017-03-23,60.7913818359375,-0.0024603451268609966
2017-03-24,60.89447021484375,0.0016957729170306024
2017-03-27,61.00691223144531,0.001846506196783615
2017-03-28,61.18498611450195,0.0029189132270959206
2017-03-29,61.35366821289063,0.0027569197788654964
2017-03-30,61.57856750488281,0.003665620957035598
2017-03-31,61.7191276550293,0.0022826148096954935
2017-04-03,61.42864227294922,-0.004706569796379956
2017-04-04,61.59731674194336,0.0027458602819945277
2017-04-05,61.43799591064453,-0.0025864897973768564
2017-04-06,61.59731674194336,0.0025931970751542632
2017-04-07,61.55046463012695,-0.0007606193628967306
2017-04-10,61.40987014770508,-0.0022842148027110154
2017-04-11,61.36302947998047,-0.0007627547104716026
2017-04-12,61.12874221801758,-0.0038180523997649596
2017-04-13,60.8663444519043,-0.004292543189870157
2017-04-17,61.36302947998047,0.008160257241481617
2017-04-18,61.27870178222656,-0.001374242739782261
2017-04-19,60.95069122314453,-0.005352766124969821
2017-04-20,61.38177871704102,0.00707272526767988
2017-04-21,62.22518539428711,0.013740342734837263
2017-04-24,63.284141540527344,0.01701812762035515
2017-04-25,63.64962768554688,0.005775319631782905
2017-04-26,63.56528091430664,-0.0013251730498243797
2017-04-27,63.97759628295898,0.006486487005511465
2017-04-28,64.15566253662111,0.0027832595159495988
2017-05-01,65.04595184326172,0.013877018355666015
2017-05-02,64.94285583496094,-0.0015849719372115212
2017-05-03,64.7366943359375,-0.0031745062081556252
2017-05-04,64.48365783691406,-0.003908702809419906
2017-05-05,64.66171264648439,0.0027612392898157534
2017-05-08,64.60549163818361,-0.0008694636439363634
2017-05-09,64.69920349121094,0.0014505245707616687
2017-05-10,64.95223236083984,0.00391084984011103
2017-05-11,64.15566253662111,-0.01226393297451922
2017-05-12,64.0806884765625,-0.0011686273213344922
2017-05-15,64.12755584716797,0.0007313805722080069
2017-05-16,65.41878509521484,0.020135326085469307
2017-05-17,63.59973907470703,-0.02780617246040651
2017-05-18,63.8165168762207,0.0034084699822281017
2017-05-19,63.79767990112305,-0.0002951739772039108
2017-05-22,64.51397705078125,0.011227636346154979
2017-05-23,64.73076629638672,0.003360345393600861
2017-05-24,64.81558227539061,0.0013102885050910729
2017-05-25,65.61669921875,0.012359943631387482
2017-05-26,65.93714141845703,0.004883546467931321
2017-05-30,66.36127471923828,0.006432388357413998
2017-05-31,65.82405090332031,-0.008095441478344956
2017-06-01,66.06910705566406,0.0037228968588347566
2017-06-02,67.63363647460939,0.023680196216776306
2017-06-05,68.12375640869139,0.007246689068182821
2017-06-06,68.34992980957031,0.0033200371324513256
2017-06-07,68.2274169921875,-0.0017924351601259492
2017-06-08,67.81271362304689,-0.006078251052477834
2017-06-09,66.27645111083984,-0.0226544910257791
2017-06-12,65.76750183105469,-0.007679187271720345
2017-06-13,66.58747100830078,0.012467695357388786
2017-06-14,66.22930908203125,-0.005378818580223377
2017-06-15,65.88059997558594,-0.005265178080197108
2017-06-16,65.974853515625,0.0014306721565071623
2017-06-19,66.79481506347656,0.01242839512568783
2017-06-20,65.89002227783203,-0.013545853593346813
2017-06-21,66.22930908203125,0.0051492895657037074
2017-06-22,66.21989440917969,-0.00014215266597306098
2017-06-23,67.11527252197266,0.013521285722087217
2017-06-26,66.47438049316406,-0.009549123541125026
2017-06-27,65.23028564453125,-0.018715403429156452
2017-06-28,65.78635406494139,0.008524697001028203
2017-06-29,64.55168914794922,-0.018767796673659243
2017-06-30,64.96638488769531,0.006424243040265454
2017-07-03,64.25006866455078,-0.011025951719228266
2017-07-05,65.10776519775389,0.013349348117916326
2017-07-06,64.6270751953125,-0.007382990354243835
2017-07-07,65.46590423583984,0.01297952967842475
2017-07-10,65.95601654052734,0.007486527688090661
2017-07-11,65.96543121337889,0.00014274168370609353
2017-07-12,67.05872344970703,0.01657371468992075
2017-07-13,67.64306640625,0.008713899198830033
2017-07-14,68.59499359130861,0.014072797636664358
2017-07-17,69.13223266601561,0.007832044972668095
2017-07-18,69.0850830078125,-0.000682021343515582
2017-07-19,69.61288452148439,0.00763987666646071
2017-07-20,69.95219421386719,0.0048742369277641195
2017-07-21,69.54692077636719,-0.0057935772001797
2017-07-24,69.36782836914061,-0.002575130648881818
2017-07-25,69.92391967773439,0.008016559285012326
2017-07-26,69.79196166992189,-0.0018871654852969932
2017-07-27,68.95314788818361,-0.012018773533052585
2017-07-28,68.84004211425781,-0.0016403279239580737
2017-07-31,68.51959228515625,-0.004654991764381777
2017-08-01,68.40651702880861,-0.0016502616635116762
2017-08-02,68.10488891601561,-0.004409347616192383
2017-08-03,68.00122833251953,-0.0015220725728501971
2017-08-04,68.50074768066406,0.0073457400754870505
2017-08-07,68.23685455322266,-0.0038524123659441356
2017-08-08,68.60442352294922,0.005386663440646533
2017-08-09,68.30283355712889,-0.004396071715688121
2017-08-10,67.30377960205078,-0.014626830294566018
2017-08-11,68.33107757568361,0.015263600049016057
2017-08-14,69.35842132568361,0.015034795095425046
2017-08-15,69.37735748291016,0.00027301886151120947
2017-08-16,69.78479766845703,0.005872812115209847
2017-08-17,68.60039520263672,-0.016972213223965027
2017-08-18,68.68568420410156,0.0012432727422766465
2017-08-21,68.36350250244139,-0.004690667427914019
2017-08-22,69.32051849365234,0.013998931537727577
2017-08-23,68.90361785888672,-0.0060141015073884585
2017-08-24,68.87516784667969,-0.00041289576790137783
2017-08-25,68.99833679199219,0.001788292488617671
2017-08-28,69.00782012939453,0.000137442985487235
2017-08-29,69.21630096435547,0.0030211189770958935
2017-08-30,70.12590026855469,0.013141402986380779
2017-08-31,70.84603118896484,0.010269114801412016
2017-09-01,70.05958557128906,-0.011100771694297573
2017-09-05,69.74689483642578,-0.004463211312392135
2017-09-06,69.54793548583984,-0.002852590800673571
2017-09-07,70.4385757446289,0.012806135114828754
2017-09-08,70.09748840332031,-0.00484233728042982
2017-09-11,70.8365478515625,0.010543308541810514
2017-09-12,70.7607421875,-0.0010701490453960405
2017-09-13,71.262939453125,0.007097116990298025
2017-09-14,70.84603118896484,-0.005850281610042085
2017-09-15,71.35767364501953,0.00722189299058984
2017-09-18,71.21556091308594,-0.0019915550027675977
2017-09-19,71.48087310791016,0.0037254806593185474
2017-09-20,71.00708770751953,-0.006628142323826691
2017-09-21,70.31542205810547,-0.009740797316784122
2017-09-22,70.5049057006836,0.002694766482686406
2017-09-25,69.41526794433594,-0.015454779288316844
2017-09-26,69.41526794433594,0.0
2017-09-27,69.97431945800781,0.008053725502005893
2017-09-28,69.99326324462889,0.00027072484259660357
2017-09-29,70.58071899414062,0.008393032733144068
2017-10-02,70.69441223144531,0.0016108257173481633
2017-10-03,70.36280059814453,-0.004690775732247743
2017-10-04,70.77021026611328,0.005790128654707072
2017-10-05,71.98303985595703,0.017137572225421005
2017-10-06,72.011474609375,0.000395020180793626
2017-10-09,72.28624725341797,0.0038156786197403036
2017-10-10,72.28624725341797,0.0
2017-10-11,72.409423828125,0.0017040111969737204
2017-10-12,73.07270050048828,0.009160087697116293
2017-10-13,73.42327117919922,0.004797560187454586
2017-10-16,73.57486724853516,0.002064686943270999
2017-10-17,73.51803588867188,-0.0007724289827300002
2017-10-18,73.53697204589844,0.00025757158767447663
2017-10-19,73.82124328613281,0.0038656913974775
2017-10-20,74.67401123046875,0.011551796019346305
2017-10-23,74.69296264648438,0.00025378864350988906
2017-10-24,74.72137451171875,0.0003803820899279664
2017-10-25,74.50344848632812,-0.002916515211540238
2017-10-26,74.62663269042969,0.0016534027163073173
2017-10-27,79.41159057617188,0.06411863584400779
2017-10-30,79.48739624023438,0.0009545919369262634
2017-10-31,78.81466674804688,-0.008463347952099354
2017-11-01,78.81466674804688,0.0
2017-11-02,79.63900756835938,0.010459231185329099
2017-11-03,79.7242660522461,0.0010705618576867248
2017-11-06,80.03697204589844,0.003922343962971198
2017-11-07,79.84745788574219,-0.002367832706709261
2017-11-08,80.12223052978516,0.0034412196871207446
2017-11-09,79.67689514160156,-0.0055582000805387555
2017-11-10,79.46845245361328,-0.0026160995307088486
2017-11-13,79.5252914428711,0.0007152396643308467
2017-11-14,79.63900756835938,0.0014299366079024711
2017-11-15,79.02002716064453,-0.007772326986665856
2017-11-16,79.22950744628906,0.0026509771404996663
2017-11-17,78.46770477294922,-0.00961513832275529
2017-11-20,78.59149169921875,0.00157755253104086
2017-11-21,79.72471618652344,0.014419175190639066
2017-11-22,79.14381408691406,-0.007286348919076757
2017-11-24,79.28665161132812,0.0018047844428776827
2017-11-27,79.8675537109375,0.0073266065321691
2017-11-28,80.829345703125,0.012042336937831966
2017-11-29,79.36283874511719,-0.01814324915352017
2017-11-30,80.15322875976562,0.009959195350696337
2017-12-01,80.23894500732422,0.0010694047998427436
2017-12-04,77.210693359375,-0.03774042203163064
2017-12-05,77.69635009765625,0.006290019130132274
2017-12-06,78.82955932617188,0.014585102480249024
2017-12-07,78.55339813232422,-0.0035032695375726286
2017-12-08,80.14371490478516,0.020245041083799098
2017-12-11,81.16264343261719,0.012713767125002606
2017-12-12,81.4959487915039,0.004106635082227639
2017-12-13,81.27690887451172,-0.0026877399458539175
2017-12-14,80.64840698242188,-0.007732846890870615
2017-12-15,82.70533752441406,0.025504912235160715
2017-12-18,82.25775909423828,-0.005411723639283328
2017-12-19,81.73401641845703,-0.006367091464055452
2017-12-20,81.4388198852539,-0.0036116729134145764
2017-12-21,81.41976165771484,-0.00023401895516061977
2017-12-22,81.42927551269531,0.00011684945751211373
2017-12-26,81.32453918457031,-0.001286224487023313
2017-12-27,81.61974334716797,0.0036299518639468786
2017-12-28,81.62926483154297,0.00011665663213977773
2017-12-29,81.4578628540039,-0.0020997613771578383
2018-01-02,81.8482894897461,0.004792988940084841
2018-01-03,82.22919464111328,0.004653794889811547
2018-01-04,82.95292663574219,0.0088013995246774
2018-01-05,83.98138427734375,0.01239808748542015
2018-01-08,84.06710052490234,0.0010206577123750282
2018-01-09,84.00996398925781,-0.0006796539346282104
2018-01-10,83.6290512084961,-0.004534138126882525
2018-01-11,83.87664031982422,0.002960563437588881
2018-01-12,85.3240966796875,0.017256966353731862
2018-01-16,84.13374328613281,-0.013950963911441794
2018-01-17,85.83832550048828,0.020260387185653927
2018-01-18,85.80023956298828,-0.000443693854440097
2018-01-19,85.70502471923828,-0.0011097270151571026
2018-01-22,87.23818969726562,0.017888857544232195
2018-01-23,87.51435089111328,0.003165599776955297
2018-01-24,87.43817138671875,-0.0008704801397581008
2018-01-25,87.92381286621094,0.005554112943925826
2018-01-26,89.5712661743164,0.018737282362996543
2018-01-29,89.43794250488281,-0.0014884647178496913
2018-01-30,88.31425476074219,-0.012563881867913906
2018-01-31,90.47591400146484,0.02447690066092889
2018-02-01,89.7616958618164,-0.007894014086852752
2018-02-02,87.40006256103516,-0.026310034342676203
2018-02-05,83.80045318603516,-0.04118543247593487
2018-02-06,86.97152709960938,0.037840772848023896
2018-02-07,85.33363342285156,-0.018832527510778463
2018-02-08,80.95315551757812,-0.051333544929078156
2018-02-09,83.97187805175781,0.03728974509862315
2018-02-12,84.87651824951172,0.010773132848074685
2018-02-13,85.54312896728516,0.007853888584517632
2018-02-14,86.88257598876953,0.015658148557982088
2018-02-15,88.65257263183594,0.02037228550054948
2018-02-16,88.0210952758789,-0.0071230573147548215
2018-02-20,88.7099609375,0.007826142806585556
2018-02-21,87.53317260742188,-0.013265571505630791
2018-02-22,87.76278686523438,0.002623168462570158
2018-02-23,89.99202728271484,0.02540074782383117
2018-02-26,91.2931900024414,0.014458644382339347
2018-02-27,90.12596130371094,-0.012785495815178072
2018-02-28,89.71454620361328,-0.004564890006679034
2018-03-01,88.83434295654297,-0.009811154203161587
2018-03-02,89.02569580078125,0.002154041307334209
2018-03-05,89.5901870727539,0.00634076787488258
2018-03-06,89.28401184082031,-0.003417508568041683
2018-03-07,89.80067443847656,0.0057867314315733775
2018-03-08,90.34602355957031,0.006072884468895312
2018-03-09,92.3647689819336,0.022344596284663343
2018-03-12,92.5848159790039,0.0023823693762863307
2018-03-13,90.32688903808594,-0.024387659218656488
2018-03-14,89.79109191894531,-0.005931756588170689
2018-03-15,90.10681915283205,0.003516242281269344
2018-03-16,90.50867462158205,0.004459767557307703
2018-03-19,88.87261199951172,-0.018076307369550237
2018-03-20,89.10222625732422,0.0025836335024536083
2018-03-21,88.48035430908203,-0.006979308759875846
2018-03-22,85.90670013427734,-0.02908729508263863
2018-03-23,83.40957641601562,-0.029067857505393202
2018-03-26,89.72413635253906,0.07570545503107207
2018-03-27,85.60051727294922,-0.04595886065024413
2018-03-28,85.52398681640625,-0.0008940419869069016
2018-03-29,87.32268524169922,0.02103150814465904
2018-04-02,84.69161987304688,-0.03013037633199045
2018-04-03,85.83014678955078,0.013443206284288411
2018-04-04,88.33683013916016,0.02920516209480084
2018-04-05,88.3846664428711,0.0005415216239430531
2018-04-06,86.32767486572266,-0.023273172371793827
2018-04-09,86.84430694580078,0.00598454760749334
2018-04-10,88.86304473876953,0.023245482219446334
2018-04-11,87.88716888427734,-0.010981796283944245
2018-04-12,89.53277587890625,0.018724086980156374
2018-04-13,89.05440521240234,-0.005342966995136034
2018-04-16,90.0972671508789,0.011710391372434126
2018-04-17,91.91510009765624,0.020176338353672163
2018-04-18,92.26909637451172,0.003851339730679415
2018-04-19,91.95335388183594,-0.0034219744755514814
2018-04-20,90.89134216308594,-0.011549461481467294
2018-04-23,91.22622680664062,0.003684450417222429
2018-04-24,89.09266662597656,-0.02338757455338225
2018-04-25,88.31770324707031,-0.00869839694168828
2018-04-26,90.183349609375,0.021124262675689343
2018-04-27,91.6759033203125,0.01655021373016674
2018-04-30,89.47535705566406,-0.024003540570086357
2018-05-01,90.89134216308594,0.015825420026443382
2018-05-02,89.4657974243164,-0.0156840542217066
2018-05-03,90.0015869140625,0.0059887633617679015
2018-05-04,91.04444122314452,0.011587065793381868
2018-05-07,92.05860900878906,0.011139260914995175
2018-05-08,91.66633605957031,-0.004261121837951021
2018-05-09,92.7474594116211,0.011794115468389599
2018-05-10,93.67552185058594,0.010006338123462966
2018-05-11,93.47457885742188,-0.0021450960634579186
2018-05-14,93.79031372070312,0.003377761816534486
2018-05-15,93.11102294921876,-0.007242653793729792
2018-05-16,93.35126495361328,0.0025801671680218963
2018-05-17,92.41917419433594,-0.009984768387878873
2018-05-18,92.59213256835938,0.0018714555235015418
2018-05-21,93.78366088867188,0.01286856979379758
2018-05-22,93.68756866455078,-0.0010246158361759683
2018-05-23,94.80220794677734,0.011897408568873669
2018-05-24,94.46587371826172,-0.003547746785649175
2018-05-25,94.5139389038086,0.0005088100459456069
2018-05-29,94.1776123046875,-0.003558486748323819
2018-05-30,95.08087921142578,0.009591100099416439
2018-05-31,94.97515869140624,-0.0011119009510257571
2018-06-01,96.84893035888672,0.019729071193960834
2018-06-04,97.69452667236328,0.008731085726430665
2018-06-05,98.19418334960938,0.00511447973868373
2018-06-06,98.4824447631836,0.0029356261617645707
2018-06-07,96.93540954589844,-0.015708740994450743
2018-06-08,97.65607452392578,0.007434486338927737
2018-06-11,97.09876251220705,-0.005706885254559313
2018-06-12,97.3485870361328,0.0025728909150035673
2018-06-13,96.90657043457031,-0.004540554876245162
2018-06-14,97.45428466796876,0.005651982429491387
2018-06-15,96.21472930908205,-0.012719352085030833
2018-06-18,96.91619110107422,0.007290586348154493
2018-06-19,96.91619110107422,0.0
2018-06-20,97.8866958618164,0.010013855783189474
2018-06-21,97.18524932861328,-0.007165902649256206
2018-06-22,96.48377990722656,-0.007217858947038747
2018-06-25,94.5427703857422,-0.020117469727561788
2018-06-26,95.20579528808594,0.007012962489236774
2018-06-27,93.72599792480469,-0.015543143763501854
2018-06-28,94.77337646484376,0.01117489878186606
2018-06-29,94.754150390625,-0.00020286366209498752
2018-07-02,96.09940338134766,0.01419729885368426
2018-07-03,95.17696380615234,-0.00959880647265654
2018-07-05,95.85919952392578,0.007168076081550012
2018-07-06,97.2044677734375,0.014033793899728364
2018-07-09,97.86746978759766,0.006820694864617449
2018-07-10,98.12692260742188,0.002651062915872915
2018-07-11,97.99239349365234,-0.0013709704757352004
2018-07-12,100.11598205566406,0.02167095308422362
2018-07-13,101.30748748779295,0.011901251005722813
2018-07-16,100.80783081054688,-0.0049320804378480965
2018-07-17,101.80714416503906,0.009913052849735982
2018-07-18,101.00960540771484,-0.007833819167261336
2018-07-19,100.31775665283205,-0.0068493362793590196
2018-07-20,102.11463165283205,0.017911833955960743
2018-07-23,103.7481689453125,0.015997093325804013
2018-07-24,103.45028686523438,-0.002871203252128196
2018-07-25,106.49634552001952,0.02944466126762202
2018-07-26,105.33365631103516,-0.010917644199967325
2018-07-27,103.46951293945312,-0.017697509389377752
2018-07-30,101.24983215332031,-0.021452510242622846
2018-07-31,101.9320831298828,0.006738292420370273
2018-08-01,102.12425994873048,0.0018853418172843917
2018-08-02,103.36380767822266,0.012137642222469713
2018-08-03,103.81542205810548,0.004369173214755495
2018-08-06,103.90191650390624,0.0008331560387275783
2018-08-07,104.62257385253906,0.006935938940122677
2018-08-08,105.20873260498048,0.005602603060287814
2018-08-09,105.38169860839844,0.0016440270606374874
2018-08-10,104.73789978027344,-0.006109209062167165
2018-08-13,103.97879791259766,-0.007247633084759952
2018-08-14,105.27598571777344,0.012475502998853472
2018-08-15,103.84840393066406,-0.013560374451743185
2018-08-16,103.8291015625,-0.00018587062904640295
2018-08-17,103.77124786376952,-0.0005572011879122485
2018-08-20,103.08637237548828,-0.006599857883373805
2018-08-21,102.2278823852539,-0.008327870798550907
2018-08-22,103.26963806152344,0.01019052387629027
2018-08-23,103.75194549560548,0.004670370141073965
2018-08-24,104.56220245361328,0.007809559176334746
2018-08-27,105.71971130371094,0.011070050390447284
2018-08-28,106.3563461303711,0.0060219122698059735
2018-08-29,108.05402374267578,0.01596216562595787
2018-08-30,107.98651123046876,-0.0006248033147547849
2018-08-31,108.35305786132812,0.003394374229546804
2018-09-04,107.7550048828125,-0.005519484085820814
2018-09-05,104.64900207519531,-0.02882467325759097
2018-09-06,104.89015197753906,0.0023043688669910356
2018-09-07,104.3789291381836,-0.004873887869520255
2018-09-10,105.50750732421876,0.010812318112030983
2018-09-11,107.3016357421875,0.017004746519652558
2018-09-12,107.7550048828125,0.004225183870582461
2018-09-13,108.91252899169922,0.010742184181101955
2018-09-14,109.35623931884766,0.0040740062806021715
2018-09-17,108.16978454589844,-0.010849447460331008
2018-09-18,109.20188903808594,0.009541523046572742
2018-09-19,107.74536895751952,-0.013337865245705016
2018-09-20,109.54917907714844,0.016741416703859535
2018-09-21,110.21473693847656,0.006075425365437148
2018-09-24,110.61022186279295,0.00358831255512726
2018-09-25,110.39801025390624,-0.0019185533245739128
2018-09-26,109.94465637207031,-0.004106540333410402
2018-09-27,110.35942840576172,0.00377255291323797
2018-09-28,110.32083892822266,-0.00034967087177339984
2018-10-01,111.5169448852539,0.01084206727080339
2018-10-02,111.0732192993164,-0.003978996971214288
2018-10-03,111.09249877929688,0.00017357451329935714
2018-10-04,108.7967758178711,-0.020664968262048
2018-10-05,108.1601333618164,-0.005851666570712011
2018-10-08,106.92546081542969,-0.011415227663010619
2018-10-09,108.28555297851562,0.012720002819849086
2018-10-10,102.40150451660156,-0.05433825935285652
2018-10-11,102.16034698486328,-0.0023550194196529928
2018-10-12,105.6907730102539,0.034557694150292084
2018-10-15,103.79052734375,-0.017979295754791624
2018-10-16,107.07015991210938,0.03159857312890768
2018-10-17,106.7904052734375,-0.0026128161095633207
2018-10-18,104.6586685180664,-0.0199618753193489
2018-10-19,104.81300354003906,0.0014746511125929285
2018-10-22,105.7486343383789,0.008926667176200498
2018-10-23,104.27281188964844,-0.013955948064615864
2018-10-24,98.6974639892578,-0.053468855393398296
2018-10-25,104.46574401855469,0.058444055157533814
2018-10-26,103.17317962646484,-0.012373093249211542
2018-10-29,100.17327880859376,-0.029076362953357915
2018-10-30,100.05753326416016,-0.0011554532886436375
2018-10-31,103.02848052978516,0.0296923896552741
2018-11-01,102.16999053955078,-0.008332550240670478
2018-11-02,102.40150451660156,0.0022659684690991
2018-11-05,103.7037124633789,0.012716687639742874
2018-11-06,103.9062728881836,0.001953261074199464
2018-11-07,107.99617004394531,0.039361407565479345
2018-11-08,107.79359436035156,-0.001875767293519015
2018-11-09,105.6907730102539,-0.019507850745453137
2018-11-12,103.08637237548828,-0.024641702966000212
2018-11-13,103.15388488769531,0.0006549120960539501
2018-11-14,101.6910629272461,-0.014180968191763288
2018-11-15,103.92889404296876,0.022006172925183254
2018-11-16,104.90734100341795,0.009414580704040443
2018-11-19,101.35198974609376,-0.03389039530806859
2018-11-20,98.53289794921876,-0.027814863861453265
2018-11-21,99.88916778564452,0.013764639675215351
2018-11-23,99.85041046142578,-0.0003880032748085904
2018-11-26,103.14420318603516,0.03298727275519653
2018-11-27,103.79328918457031,0.00629299542277173
2018-11-28,107.64895629882812,0.03714755688492999
2018-11-29,106.74800872802734,-0.008369310783653106
2018-11-30,107.42613983154295,0.006352634691700443
2018-12-03,108.58863830566406,0.010821374350265645
2018-12-04,105.1301727294922,-0.0318492397559742
2018-12-06,105.77923583984376,0.006173899400143235
2018-12-07,101.54574584960938,-0.040021937733074164
2018-12-10,104.2292022705078,0.026426084110629855
2018-12-11,105.19796752929688,0.009294566567580764
2018-12-12,105.67266845703124,0.00451245341410389
2018-12-13,106.03112030029295,0.003392096068885353
2018-12-14,102.71794128417969,-0.031247232008206116
2018-12-17,99.67603302001952,-0.029614186442312174
2018-12-18,100.7222900390625,0.010496575629498128
2018-12-19,100.4510269165039,-0.0026931786643591415
2018-12-20,98.33914947509766,-0.02102395073732466
2018-12-21,95.1615982055664,-0.032312169532602075
2018-12-24,91.1896743774414,-0.04173872552607749
2018-12-26,97.41880798339844,0.0683096375602148
2018-12-27,98.01945495605469,0.006165616117563388
2018-12-28,97.25411987304688,-0.0078079916211627465
2018-12-31,98.39725494384766,0.011754104322706294
2019-01-02,97.96131896972656,-0.004430367233007382
2019-01-03,94.35752868652344,-0.036787890578696913
2019-01-04,98.74600982666016,0.04650907247386926
2019-01-07,98.87195587158205,0.001275454523610442
2019-01-08,99.58882904052734,0.007250520763202095
2019-01-09,101.01292419433594,0.014299747948929742
2019-01-10,100.36385345458984,-0.006425620730445947
2019-01-11,99.58882904052734,-0.007722146842569777
2019-01-14,98.86227416992188,-0.007295545872015419
2019-01-15,101.72980499267578,0.02900530912150856
2019-01-16,102.08824157714844,0.0035234175913190224
2019-01-17,102.80514526367188,0.0070223923485024375
2019-01-18,104.34547424316406,0.01498299501976863
2019-01-22,102.37889099121094,-0.018846847610949125
2019-01-23,103.37670135498048,0.0097462509518218
2019-01-24,102.88262939453124,-0.004779335710787258
2019-01-25,103.82234191894531,0.009133830753979888
2019-01-28,101.79762268066406,-0.019501768124841168
2019-01-29,99.7244873046875,-0.020365263170043946
2019-01-30,103.0570068359375,0.03341726411757007
2019-01-31,101.1679229736328,-0.018330474756675597
2019-02-01,99.5694580078125,-0.01580011646811119
2019-02-04,102.43701934814452,0.028799607808521088
2019-02-05,103.87077331542969,0.013996443633452316
2019-02-06,102.71794128417969,-0.011098714243217733
2019-02-07,101.981689453125,-0.007167704315819257
2019-02-08,102.36920166015624,0.003799821410189086
2019-02-11,101.96231079101562,-0.0039747391065078075
2019-02-12,103.5510711669922,0.015581839639089212
2019-02-13,103.47357177734376,-0.0007484170735757578
2019-02-14,103.56076049804688,0.0008426182570631102
2019-02-15,104.83952331542969,0.012347947342535415
2019-02-19,104.79109191894531,-0.00046195742743559975
2019-02-20,104.24626922607422,-0.005199131747691932
2019-02-21,106.44503784179688,0.021092060483759667
2019-02-22,107.96275329589844,0.01425820766165975
2019-02-25,108.5659408569336,0.005586996835676983
2019-02-26,109.31509399414062,0.006900443465913897
2019-02-27,109.1302261352539,-0.001691146685531164
2019-02-28,108.9940185546875,-0.0012481196584124277
2019-03-01,109.48048400878906,0.004463230740111568
2019-03-04,109.2177963256836,-0.0023994019160928914
2019-03-05,108.67296600341795,-0.0049884756934756025
2019-03-06,108.72161865234376,0.00044769781036690937
2019-03-07,107.3984603881836,-0.012170148683963156
2019-03-08,107.51521301269531,0.0010870977487920097
2019-03-11,109.7723617553711,0.020993761528512733
2019-03-12,110.54093170166016,0.007001488662527144
2019-03-13,111.39707946777344,0.007745074633746851
2019-03-14,111.48465728759766,0.0007861769827597342
2019-03-15,112.76888275146484,0.011519302252993135
2019-03-18,114.3838882446289,0.014321375309919837
2019-03-19,114.4617156982422,0.0006804057355249693
2019-03-20,114.3352508544922,-0.0011048658757082386
2019-03-21,116.96208190917969,0.022974813411049455
2019-03-22,113.87798309326172,-0.026368364563763125
2019-03-25,114.47147369384766,0.005211636037669276
2019-03-26,114.71468353271484,0.002124632723062847
2019-03-27,113.6055679321289,-0.009668471083474128
2019-03-28,113.76123809814452,0.0013702688067949165
2019-03-29,114.74388122558594,0.008637767519668493
2019-04-01,115.79460906982422,0.009157157950518968
2019-04-02,115.95999908447266,0.001428304961491822
2019-04-03,116.71886444091795,0.006544199400109418
2019-04-04,116.12538146972656,-0.005084721943056647
2019-04-05,116.6410140991211,0.004440309455766567
2019-04-08,116.679931640625,0.0003336522903585326
2019-04-09,116.04755401611328,-0.0054197634127816086
2019-04-10,116.93289947509766,0.0076291608771128505
2019-04-11,117.069091796875,0.0011647049067344817
2019-04-12,117.67230224609376,0.005152602108380533
2019-04-15,117.76959991455078,0.0008268527648378488
2019-04-16,117.49716186523438,-0.0023133138731393776
2019-04-17,118.47007751464844,0.00828033319247301
2019-04-18,120.02671813964844,0.013139525673117936
2019-04-22,120.40614318847656,0.0031611715683725894
2019-04-23,122.04061889648438,0.013574687011187692
2019-04-24,121.62227630615234,-0.0034278963357836645
2019-04-25,125.65007019042969,0.03311723811301159
2019-04-26,126.37003326416016,0.005729905861885598
2019-04-29,126.25328063964844,-0.0009238948625396315
2019-04-30,127.0608139038086,0.006396136877147907
2019-05-01,124.4145050048828,-0.020827104892694792
2019-05-02,122.7897491455078,-0.013059215718546957
2019-05-03,125.40684509277344,0.021313635425415978
2019-05-06,124.67716217041016,-0.005818525470627001
2019-05-07,122.11844635009766,-0.020522730673122158
2019-05-08,122.10873413085938,-7.95311398773535e-05
2019-05-09,122.0989990234375,-7.972490658569864e-05
2019-05-10,123.684814453125,0.012987947832259428
2019-05-13,120.00724792480469,-0.029733371429473743
2019-05-14,121.34986114501952,0.011187767767627754
2019-05-15,123.0587387084961,0.014082237485499638
2019-05-16,125.90035247802734,0.02309152360371991
2019-05-17,125.06058502197266,-0.006670096147675553
2019-05-20,123.25404357910156,-0.01444533017779892
2019-05-21,123.91807556152344,0.005387506674340514
2019-05-22,124.6699676513672,0.006067654669721367
2019-05-23,123.21498107910156,-0.011670706262910335
2019-05-24,123.27356719970705,0.00047547887515286824
2019-05-28,123.1954574584961,-0.0006336292766186968
2019-05-29,122.00411224365234,-0.009670366419517573
2019-05-30,122.77555084228516,0.006323054071261103
2019-05-31,120.77373504638672,-0.01630467778124589
2019-06-03,117.02395629882812,-0.031047965405047506
2019-06-04,120.26594543457031,0.02770363640299056
2019-06-05,122.87321472167969,0.02167919836066834
2019-06-06,124.81644439697266,0.01581491686121006
2019-06-07,128.31231689453122,0.02800810834219969
2019-06-10,129.484130859375,0.009132513488997018
2019-06-11,128.995849609375,-0.0037709736842601593
2019-06-12,128.40019226074222,-0.004617647392815782
2019-06-13,129.21070861816406,0.006312423238244991
2019-06-14,129.33766174316406,0.0009825278907429347
2019-06-17,129.72824096679688,0.0030198413854769512
2019-06-18,131.98397827148438,0.01738817460158759
2019-06-19,132.50152587890622,0.003921291161244511
2019-06-20,133.73188781738278,0.009285643544973077
2019-06-21,133.75141906738278,0.00014604781491356356
2019-06-24,134.54240417480472,0.0059138446002089395
2019-06-25,130.29461669921878,-0.03157210919218434
2019-06-26,130.78285217285156,0.003747165354957449
2019-06-27,130.9976806640625,0.0016426350063616368
2019-06-28,130.81217956542972,-0.0014160639920678397
2019-07-01,132.49176025390622,0.012839635376890923
2019-07-02,133.37059020996094,0.006633091404103508
2019-07-03,134.22991943359378,0.006443168784662445
2019-07-05,133.83932495117188,-0.0029098913570840823
2019-07-08,133.74166870117188,-0.0007296528881599595
2019-07-09,133.25341796875,-0.003650700168193688
2019-07-10,134.61076354980472,0.010186197110328754
2019-07-11,135.14781188964844,0.003989638909112969
2019-07-12,135.63607788085938,0.0036128294227184554
2019-07-15,135.63607788085938,0.0
2019-07-16,133.85885620117188,-0.01310286840680086
2019-07-17,133.06787109375,-0.0059090980594749265
2019-07-18,133.21435546875,0.0011008245175636588
2019-07-19,133.40963745117188,0.0014659229610407554
2019-07-22,135.17709350585938,0.013248338639211044
2019-07-23,136.01693725585938,0.006212914690044036
2019-07-24,137.41331481933594,0.01026620354529717
2019-07-25,136.89576721191406,-0.00376635705282502
2019-07-26,138.01876831054688,0.008203329595241726
2019-07-29,137.71603393554688,-0.002193429043786499
2019-07-30,137.052001953125,-0.004821747791057152
2019-07-31,133.06787109375,-0.029070212784908178
2019-08-01,134.81581115722656,0.013135703225048978
2019-08-02,133.68309020996094,-0.008401988887969614
2019-08-05,129.10328674316406,-0.034258659487926946
2019-08-06,131.5250244140625,0.018758141113139892
2019-08-07,132.10111999511722,0.004380121453093855
2019-08-08,135.62629699707028,0.026685443712236356
2019-08-09,134.47406005859378,-0.0084956749833065
2019-08-12,132.59913635253906,-0.013942642210979295
2019-08-13,135.34315490722656,0.020694090702009005
2019-08-14,131.26734924316406,-0.030114605107708137
2019-08-15,130.97343444824222,-0.0022390548496366014
2019-08-16,133.37385559082028,0.01832754216677923
2019-08-19,135.60769653320312,0.016748716849245726
2019-08-20,134.48095703125,-0.008308816761571136
2019-08-21,135.97994995117188,0.011146506933123135
2019-08-22,134.99041748046878,-0.007277046881238203
2019-08-23,130.68931579589844,-0.031862274114328515
2019-08-26,132.70758056640622,0.015443227001507687
2019-08-27,132.99171447753906,0.002141052605436178
2019-08-28,132.81533813476562,-0.001326220535364464
2019-08-29,135.32354736328122,0.01888493651215617
2019-08-30,135.06878662109378,-0.001882604669707133
2019-09-03,133.28565979003906,-0.013201620268174064
2019-09-04,134.84349060058594,0.011687910109766442
2019-09-05,137.21446228027344,0.01758313782242893
2019-09-06,136.28370666503906,-0.006783218035233185
2019-09-09,134.73570251464844,-0.011358688344127121
2019-09-10,133.32484436035156,-0.010471301429132995
2019-09-11,133.36399841308594,0.0002936740929435633
2019-09-12,134.73570251464844,0.010285415238629358
2019-09-13,134.53973388671878,-0.001454466962150236
2019-09-16,133.56980895996094,-0.007209208006717982
2019-09-17,134.60833740234378,0.007775173525135015
2019-09-18,135.71543884277344,0.008224612693346955
2019-09-19,138.21382141113278,0.018408978297993928
2019-09-20,136.6168212890625,-0.011554561662250995
2019-09-23,136.32289123535156,-0.0021514924072857378
2019-09-24,134.59854125976562,-0.012649012649012636
2019-09-25,136.53840637207028,0.014412229836583856
2019-09-26,136.71476745605472,0.0012916591651424003
2019-09-27,134.94142150878906,-0.012971136770836944
2019-09-30,136.21513366699222,0.009439000597160518
2019-10-01,134.29481506347656,-0.014097689087985588
2019-10-02,131.92379760742188,-0.017655316438940583
2019-10-03,133.52078247070312,0.01210535848909955
2019-10-04,135.32354736328122,0.013501755001875226
2019-10-07,134.34378051757812,-0.007240180033655785
2019-10-08,132.92315673828122,-0.010574540732914861
2019-10-09,135.44111633300778,0.01894297168765169
2019-10-10,136.28370666503906,0.006221082303837555
2019-10-11,136.85194396972656,0.004169517535094203
2019-10-14,136.72457885742188,-0.0009306781373369377
2019-10-15,138.70367431640622,0.014475052514501874
2019-10-16,137.56715393066406,-0.008193873675974683
2019-10-17,136.86172485351562,-0.005127888867308972
2019-10-18,134.62789916992188,-0.016321770648328737
2019-10-21,135.62724304199222,0.007423007253563485
2019-10-22,133.60897827148438,-0.014880968787981286
2019-10-23,134.46134948730472,0.006379595344920386
2019-10-24,137.106689453125,0.019673608631081363
2019-10-25,137.88070678710938,0.005645365204802744
2019-10-28,141.27064514160156,0.02458602391505238
2019-10-29,139.93818664550778,-0.009431955908166145
2019-10-30,141.68214416503906,0.012462341847755187
2019-10-31,140.46722412109378,-0.00857496935203128
2019-11-01,140.81016540527344,0.002441432770708296
2019-11-04,141.6233673095703,0.005775164754308504
2019-11-05,141.53518676757812,-0.000622641190273665
2019-11-06,141.14328002929688,-0.002768970368653423
2019-11-07,141.33921813964844,0.0013882213188676218
2019-11-08,143.00479125976562,0.011784224803561116
2019-11-11,143.15176391601562,0.0010277463779728713
2019-11-12,144.09234619140625,0.006570525222046486
2019-11-13,144.3274688720703,0.0016317499636777644
2019-11-14,145.06228637695312,0.005091321219899969
2019-11-15,146.93360900878906,0.012900131926593117
2019-11-18,147.29611206054688,0.0024671214040357103
2019-11-19,147.34510803222656,0.0003326358788040551
2019-11-20,147.08950805664062,-0.0017347028279353083
2019-11-21,146.95187377929688,-0.0009357178439317604
2019-11-22,147.0600128173828,0.0007358806342840918
2019-11-25,148.67225646972656,0.010963168175062155
2019-11-26,149.458740234375,0.005290050634353394
2019-11-27,149.74383544921875,0.0019075178500547185
2019-11-29,148.81973266601562,-0.006171224213877613
2019-12-02,147.0207061767578,-0.012088628685385627
2019-12-03,146.78475952148438,-0.0016048532306038865
2019-12-04,147.31561279296875,0.003616542161563263
2019-12-05,147.39425659179688,0.0005338456483812148
2019-12-06,149.1834716796875,0.012138974267130287
2019-12-09,148.8000946044922,-0.0025698361278149173
2019-12-10,148.573974609375,-0.001519622656949271
2019-12-11,149.1343231201172,0.003771511882989076
2019-12-12,150.64830017089844,0.010151768010921547
2019-12-13,151.91647338867188,0.008418105058834335
2019-12-16,152.89955139160156,0.006471174461867069
2019-12-17,152.07376098632812,-0.00540086872562795
2019-12-18,151.75918579101562,-0.0020685698392162166
2019-12-19,153.07652282714844,0.008680443488586542
2019-12-20,154.74777221679688,0.010917738127195209
2019-12-23,154.74777221679688,0.0
2019-12-24,154.71824645996094,-0.0001907992368030964
2019-12-26,155.9864501953125,0.008196859545456014
2019-12-27,156.27154541015625,0.0018276921776652078
2019-12-30,154.9247283935547,-0.00861844050410232
2019-12-31,155.03285217285156,0.0006979116918133244
2020-01-02,157.9034881591797,0.018516307647669095
2020-01-03,155.93728637695312,-0.01245192113960436
2020-01-06,156.34034729003906,0.002584762903412363
2020-01-07,154.9148712158203,-0.0091177747710528
2020-01-08,157.38243103027344,0.015928488950653685
2020-01-09,159.34860229492188,0.012492952687140901
2020-01-10,158.61129760742188,-0.004626991871164332
2020-01-13,160.51846313476562,0.0120241468048774
2020-01-14,159.387939453125,-0.007042951069693992
2020-01-15,160.420166015625,0.006476189892671069
2020-01-16,163.35958862304688,0.018323273690762587
2020-01-17,164.27389526367188,0.005596896076512259
2020-01-21,163.68402099609375,-0.0035907973487286915
2020-01-22,162.89755249023438,-0.004804797078379108
2020-01-23,163.90029907226562,0.006155688447752272
2020-01-24,162.24871826171875,-0.010076740676468687
2020-01-27,159.53538513183594,-0.016723294698119062
2020-01-28,162.66162109375,0.01959587811400354
2020-01-29,165.19798278808594,0.015592871122771523
2020-01-30,169.85780334472656,0.028207490660574264
2020-01-31,167.35092163085938,-0.01475870795749945
2020-02-03,171.4307403564453,0.024378824363962215
2020-02-04,177.07366943359375,0.03291666981905017
2020-02-05,176.85739135742188,-0.0012214016734598543
2020-02-06,180.5243225097656,0.02073383037146015
2020-02-07,180.77993774414062,0.0014159600812859718
2020-02-10,185.5085601806641,0.026156787614430632
2020-02-11,181.32061767578125,-0.02257546768086749
2020-02-12,181.58604431152344,0.0014638524793513241
2020-02-13,180.60296630859366,-0.0054138411718647195
2020-02-14,182.2152099609375,0.00892700538256408
2020-02-18,184.06341552734366,0.010142981844393661
2020-02-19,184.61544799804688,0.0029991428178253177
2020-02-20,181.7961578369141,-0.015271149796536099
2020-02-21,176.049072265625,-0.0316127999605178
2020-02-24,168.45864868164062,-0.04311538530877257
2020-02-25,165.67877197265625,-0.016501834312098063
2020-02-26,167.7489013671875,0.012494837871401598
2020-02-27,155.92947387695312,-0.07045904559674399
2020-02-28,159.70497131347656,0.0242128530460044
2020-03-02,170.33160400390625,0.06653914779879466
2020-03-03,162.16941833496094,-0.047919384759378736
2020-03-04,168.1234893798828,0.03671512857389514
2020-03-05,163.9043731689453,-0.025095340493464402
2020-03-06,159.27125549316406,-0.028267199869070225
2020-03-09,148.47703552246094,-0.06777255530057913
2020-03-10,158.6304931640625,0.06838402723945536
2020-03-11,151.44422912597656,-0.04530190819399138
2020-03-12,137.08149719238278,-0.09483842346773319
2020-03-13,156.5702362060547,0.14216899736892308
2020-03-16,133.49330139160156,-0.14739030465587766
2020-03-17,144.4846954345703,0.08233667104183429
2020-03-18,138.40243530273438,-0.04209622419552583
2020-03-19,140.67958068847656,0.01645307310352795
2020-03-20,135.39584350585938,-0.03755866456779955
2020-03-23,134.04531860351562,-0.009974640781977184
2020-03-24,146.22946166992188,0.0908957000016164
2020-03-25,144.8296661376953,-0.009572595811001894
2020-03-26,153.88893127441406,0.06255117047708825
2020-03-27,147.57012939453125,-0.04106079513032135
2020-03-30,157.9503173828125,0.07034071211342274
2020-03-31,155.46617126464844,-0.015727389215327903
2020-04-01,149.94581604003906,-0.03550840147218992
2020-04-02,153.05101013183594,0.020708774501368543
2020-04-03,151.64138793945312,-0.009210146285010379
2020-04-06,162.91860961914062,0.07436770286084582
2020-04-07,161.1639404296875,-0.010770219519765534
2020-04-08,162.7805938720703,0.010031111414082972
2020-04-09,162.79046630859375,6.0648731452506155e-05
2020-04-13,163.1551971435547,0.0022404925990537894
2020-04-14,171.22866821289062,0.04948338275876285
2020-04-15,169.43458557128906,-0.010477700144060909
2020-04-16,174.52113342285156,0.030020717638090222
2020-04-17,176.05897521972656,0.008811779792587737
2020-04-20,172.56932067871094,-0.019820940890178607
2020-04-21,165.4323272705078,-0.041357255044717656
2020-04-22,171.0512237548828,0.03396492437168708
2020-04-23,168.98110961914062,-0.012102305322928664
2020-04-24,172.0665740966797,0.018259227226601116
2020-04-27,171.57369995117188,-0.0028644386516981646
2020-04-28,167.39401245117188,-0.024360886902768275
2020-04-29,174.90560913085938,0.04487374769081787
2020-04-30,176.66029357910156,0.01003217939642731
2020-05-01,172.08628845214844,-0.025891529071330743
2020-05-04,176.2955322265625,0.02446007646672288
2020-05-05,178.18821716308594,0.010735864446587806
2020-05-06,179.94290161132812,0.009847365197195979
2020-05-07,180.9878234863281,0.005806963573683932
2020-05-08,182.0524444580078,0.00588227954329823
2020-05-11,184.0831298828125,0.01115439801344209
2020-05-12,179.91331481933594,-0.022651804465357972
2020-05-13,177.1925811767578,-0.01512246964773123
2020-05-14,177.96148681640625,0.004339378288538143
2020-05-15,180.55406188964844,0.014568180563229394
2020-05-18,182.2791748046875,0.009554550570529008
2020-05-19,181.01739501953125,-0.006922237751560201
2020-05-20,183.5282287597656,0.013870676572068863
2020-05-21,181.3238220214844,-0.012011267984102347
2020-05-22,181.4029083251953,0.00043616058182105455
2020-05-26,179.4851837158203,-0.010571631001291104
2020-05-27,179.72242736816406,0.0013218007605539928
2020-05-28,179.317138671875,-0.0022550813619872656
2020-05-29,181.1459197998047,0.010198585263375692
2020-06-01,180.730712890625,-0.002292112953129477
2020-06-02,182.78683471679688,0.011376715076735211
2020-06-03,183.23167419433602,0.0024336516261052044
2020-06-04,180.81967163085938,-0.013163676935672552
2020-06-05,185.050537109375,0.023398258830780616
2020-06-08,186.1972198486328,0.006196592331856099
2020-06-09,187.6206970214844,0.007644996923202196
2020-06-10,194.579833984375,0.037091520676387324
2020-06-11,184.13124084472656,-0.053698232369174814
2020-06-12,185.58436584472656,0.00789178953736247
2020-06-15,186.7705841064453,0.006391800604104825
2020-06-16,191.3474273681641,0.024505161150592647
2020-06-17,192.0097198486328,0.003461203997242368
2020-06-18,194.0658264160156,0.010708346270197566
2020-06-19,192.9092559814453,-0.0059596810831132885
2020-06-22,198.26702880859366,0.027773539428630034
2020-06-23,199.5916290283203,0.006680890048568866
2020-06-24,195.56837463378903,-0.020157430520096664
2020-06-25,198.0396728515625,0.012636492083145212
2020-06-26,194.07569885253903,-0.020016060125460866
2020-06-29,196.1614990234375,0.010747353652366787
2020-06-30,201.1732635498047,0.025549175303602123
2020-07-01,202.349609375,0.005847426265489286
2020-07-02,203.8916778564453,0.0076208127419090665
2020-07-06,208.2807159423828,0.021526322859669156
2020-07-07,205.8588409423828,-0.011627936792141469
2020-07-08,210.38624572753903,0.021992763412203242
2020-07-09,211.85916137695312,0.007001007334488829
2020-07-10,211.2166290283203,-0.0030328277732091236
2020-07-13,204.69239807128903,-0.030888813002296844
2020-07-14,205.9576873779297,0.006181418159945551
2020-07-15,205.65126037597656,-0.0014878153170890807
2020-07-16,201.5785675048828,-0.019803879945340275
2020-07-17,200.55052185058602,-0.005099974997450518
2020-07-20,209.17037963867188,0.04298097909965959
2020-07-21,206.3531036376953,-0.013468809521898994
2020-07-22,209.31866455078125,0.01437129299636175
2020-07-23,200.2144012451172,-0.04349475153208493
2020-07-24,198.98866271972656,-0.006122129665837472
2020-07-27,201.50938415527344,0.012667663579895905
2020-07-28,199.7003936767578,-0.008977202159090036
2020-07-29,201.71694946289062,0.010097905912979321
2020-07-30,201.55877685546875,-0.0007841314666072741
2020-07-31,202.65603637695312,0.005443868724561485
2020-08-03,214.05364990234366,0.056241174598866905
2020-08-04,210.84097290039062,-0.01500874665495655
2020-08-05,210.49497985839844,-0.001641014254642248
2020-08-06,213.8658447265625,0.016013991737150457
2020-08-07,210.040283203125,-0.01788766938605213
2020-08-10,205.8588409423828,-0.019907811001656395
2020-08-11,201.0447540283203,-0.023385378505118015
2020-08-12,206.78805541992188,0.02856727806383108
2020-08-13,206.30368041992188,-0.0023423741715467017
2020-08-14,206.5013732910156,0.0009582614846779247
2020-08-17,207.86553955078125,0.006606088075952865
2020-08-18,209.0616455078125,0.0057542291984336025
2020-08-19,207.7932891845703,-0.006066901081551057
2020-08-20,212.62892150878903,0.023271359451476403
2020-08-21,211.0830993652344,-0.007270046485612913
2020-08-24,211.74700927734366,0.003145253760749922
2020-08-25,214.50173950195312,0.01300953545464889
2020-08-26,219.13916015625,0.02161950138523072
2020-08-27,224.51980590820312,0.02455355650773061
2020-08-28,226.82861328125,0.010283312706901526
2020-08-31,223.47935485839844,-0.014765590524061123
2020-09-01,225.20355224609366,0.00771524237121457
2020-09-02,229.543701171875,0.019272115748150354
2020-09-03,215.32418823242188,-0.061946866182165494
2020-09-04,212.3019256591797,-0.014035871204492567
2020-09-08,200.8173065185547,-0.05409568992351921
2020-09-09,209.3688201904297,0.04258354929725572
2020-09-10,203.5026397705078,-0.028018405102471
2020-09-11,202.1748504638672,-0.006524678540474893
2020-09-14,203.54229736328125,0.006763684485368016
2020-09-15,206.88165283203125,0.016406199163557345
2020-09-16,203.18556213378903,-0.01786572490912519
2020-09-17,201.0650329589844,-0.010436416606256493
2020-09-18,198.5679473876953,-0.012419293074188986
2020-09-21,200.6983795166016,0.010728982985087177
2020-09-22,205.5340118408203,0.024094027743849944
2020-09-23,198.76612854003903,-0.032928288803231176
2020-09-24,201.3424835205078,0.01296174051078225
2020-09-25,205.93038940429688,0.022786576402400227
2020-09-28,207.5356292724609,0.007795060616393679
2020-09-29,205.3754730224609,-0.010408604332531546
2020-09-30,208.4175567626953,0.014812303024624995
2020-10-01,210.5281982421875,0.01012698504039844
2020-10-02,204.3152008056641,-0.02951147394220366
2020-10-05,208.4671173095703,0.020321133657868806
2020-10-06,204.0377349853516,-0.02124739086616312
2020-10-07,207.922119140625,0.019037577316530552
2020-10-08,208.6652984619141,0.0035743158272951714
2020-10-09,213.8477325439453,0.024836108927700495
2020-10-12,219.38690185546875,0.02590239908382075
2020-10-13,220.8336181640625,0.006594360448860526
2020-10-14,218.851806640625,-0.00897422928589231
2020-10-15,217.6627349853516,-0.005433227504609839
2020-10-16,217.6627349853516,0.0
2020-10-19,212.27220153808602,-0.024765532086272524
2020-10-20,212.69825744628903,0.0020071205985328078
2020-10-21,212.846923828125,0.0006989543949296184
2020-10-22,212.9360809326172,0.00041887899006787244
2020-10-23,214.263916015625,0.006235838835730201
2020-10-26,208.1698303222656,-0.028441959834781483
2020-10-27,211.31100463867188,0.015089479160085073
2020-10-28,200.83712768554688,-0.049566168932066
2020-10-29,202.85855102539062,0.010064988297426414
2020-10-30,200.6290283203125,-0.01099052859151628
2020-11-02,200.4903106689453,-0.0006914136629606604
2020-11-03,204.55300903320312,0.02026381400029975
2020-11-04,214.4224548339844,0.04824884193798029
2020-11-05,221.2597198486328,0.03188688899183689
2020-11-06,221.6858062744141,0.0019257297535799633
2020-11-09,216.4042816162109,-0.023824369935824596
2020-11-10,209.0913848876953,-0.03379275434801654
2020-11-11,214.5810089111328,0.026254663846557058
2020-11-12,213.4810943603516,-0.005125870907041641
2020-11-13,214.54136657714844,0.0049665860106897775
2020-11-16,215.25482177734366,0.0033254901447581364
2020-11-17,212.5100250244141,-0.012751383361664037
2020-11-18,209.7083282470703,-0.013183833454548322
2020-11-19,211.0396270751953,0.006348335515585779
2020-11-20,209.02281188964844,-0.009556571026484328
2020-11-23,208.74462890625,-0.0013308737973791729
2020-11-24,212.47027587890625,0.01784786986940623
2020-11-25,212.48020935058602,4.67522887079852e-05
2020-11-27,213.83135986328125,0.006358947578340768
2020-11-30,212.6789093017578,-0.005389530152454247
2020-12-01,214.8050079345703,0.00999675350881124
2020-12-02,213.97044372558602,-0.0038852176539501126
2020-12-03,212.84780883789062,-0.005246682056401997
2020-12-04,212.96702575683602,0.000560104046155363
2020-12-07,212.8974609375,-0.00032664596356546394
2020-12-08,214.60629272460938,0.008026548459453053
2020-12-09,210.4236602783203,-0.019489794046516518
2020-12-10,209.15196228027344,-0.006043512390027095
2020-12-11,211.8741607666016,0.013015409736774508
2020-12-14,212.8080596923828,0.004407799999783801
2020-12-15,212.73851013183602,-0.00032681826359082233
2020-12-16,217.85504150390625,0.02405080005918747
2020-12-17,217.994140625,0.0006384939275838608
2020-12-18,217.1695251464844,-0.003782741481726859
2020-12-21,221.14352416992188,0.018299063926013215
2020-12-22,222.4847717285156,0.006065054645521206
2020-12-23,219.583740234375,-0.01303923622098746
2020-12-24,221.302490234375,0.007827309973705177
2020-12-28,223.4981384277344,0.009921479830769409
2020-12-29,222.6933898925781,-0.003600694577670982
2020-12-30,220.2394561767578,-0.011019337920196048
2020-12-31,220.9746398925781,0.003338110838914554
2021-01-04,216.2753753662109,-0.021266080707956436
2021-01-05,216.4840087890625,0.0009646656374926454
2021-01-06,210.8707275390625,-0.025929311275224354
2021-01-07,216.8714599609375,0.02845692473253969
2021-01-08,218.19284057617188,0.006092920735039975
2021-01-11,216.07667541503903,-0.00969860035528558
2021-01-12,213.53330993652344,-0.011770661843210628
2021-01-13,214.93414306640625,0.0065602557760156
2021-01-14,211.6357421875,-0.015346100120943396
2021-01-15,211.2681121826172,-0.0017370884571903389
2021-01-19,215.03350830078125,0.017822832226139784
2021-01-20,222.88217163085938,0.036499722262353984
2021-01-21,223.50808715820312,0.00280827992101762
2021-01-22,224.4817047119141,0.004356073044559761
2021-01-25,228.0384521484375,0.01584426419555185
2021-01-26,230.82025146484366,0.012198816867057927
2021-01-27,231.38653564453125,0.0024533557003503237
2021-01-28,237.3773498535156,0.02589093696526823
2021-01-29,230.45263671875,-0.029171751807991808
2021-02-01,238.09266662597656,0.033152278125377466
2021-02-02,237.95358276367188,-0.0005841585306916031
2021-02-03,241.42091369628903,0.014571459241531137
2021-02-04,240.4373321533203,-0.004074135616130126
2021-02-05,240.6260986328125,0.0007850963816709022
2021-02-08,240.89434814453125,0.0011147980756986975
2021-02-09,242.18589782714844,0.0053614777289929805
2021-02-10,241.24208068847656,-0.003897077192105969
2021-02-11,242.90121459960938,0.00687746477064799
2021-02-12,243.3979797363281,0.0020451323701182744
2021-02-16,242.1163482666016,-0.00526557973535724
2021-02-17,243.17189025878903,0.00435964774681441
2021-02-18,242.76361083984366,-0.0016789745661427435
2021-02-19,239.9554901123047,-0.011567304991980665
2021-02-22,233.52267456054688,-0.02680836995539093
2021-02-23,232.28790283203125,-0.005287588157506629
2021-02-24,233.56251525878903,0.005487209670490101
2021-02-25,228.0259246826172,-0.0237049621170472
2021-02-26,231.4016571044922,0.014804160652231113
2021-03-01,235.9424591064453,0.019623031480291653
2021-03-02,232.8853759765625,-0.01295690119303039
2021-03-03,226.60194396972656,-0.026980792505701623
2021-03-04,225.7754364013672,-0.003647398402150448
2021-03-05,230.62493896484366,0.02147931874597453
2021-03-08,226.4326629638672,-0.018177895329938853
2021-03-09,232.79574584960938,0.028101435554629184
2021-03-10,231.4414825439453,-0.005817388546863533
2021-03-11,236.13165283203125,0.02026503734997198
2021-03-12,234.7574615478516,-0.005819597956048583
2021-03-15,233.8214111328125,-0.003987308470910111
2021-03-16,236.70921325683602,0.01235046059311995
2021-03-17,236.0420227050781,-0.00281860829402536
2021-03-18,229.74864196777344,-0.026662120012282298
2021-03-19,229.3802032470703,-0.0016036600588690275
2021-03-22,234.9964599609375,0.02448448747696763
2021-03-23,236.57977294921875,0.0067376035730259964
2021-03-24,234.46868896484366,-0.008923349439633688
2021-03-25,231.36181640625,-0.01325069275693147
2021-03-26,235.484375,0.01781866453931702
2021-03-29,234.24961853027344,-0.005243475155099153
2021-03-30,230.87388610839844,-0.014410834233391623
2021-03-31,234.7773742675781,0.01690744771951791
2021-04-01,241.3296813964844,0.02790859702450965
2021-04-05,248.0213928222656,0.02772850561546658
2021-04-06,246.81646728515625,-0.004858151643285069
2021-04-07,248.84788513183602,0.008230479388284806
2021-04-08,252.18377685546875,0.013405344883141934
2021-04-09,254.77284240722656,0.010266582505986
2021-04-12,254.83258056640625,0.00023447616557259465
2021-04-13,257.4017333984375,0.010081728271639667
2021-04-14,254.5139312744141,-0.011219046918978237
2021-04-15,258.407470703125,0.015297942274574039
2021-04-16,259.64224243164057,0.004778390211226391
2021-04-19,257.65066528320307,-0.007670466599678405
2021-04-20,257.17269897460943,-0.0018550944088122634
2021-04-21,259.48291015625,0.008983112091025758
2021-04-22,256.0872802734375,-0.013086140743403085
2021-04-23,260.05050659179693,0.015476076414758566
2021-04-26,260.44882202148443,0.0015316848827091611
2021-04-27,260.86709594726557,0.0016059735749029969
2021-04-28,253.4882659912109,-0.0282857825716214
2021-04-29,251.4468994140625,-0.008053100876942332
2021-04-30,251.11827087402344,-0.0013069500590575656
2021-05-03,250.7996368408203,-0.0012688604142346849
2021-05-04,246.74676513671875,-0.01615979893413433
2021-05-05,245.4323272705078,-0.005327072334596283
2021-05-06,248.67860412597656,0.013226769641844216
2021-05-07,251.3971099853516,0.010931804402432244
2021-05-10,246.1393280029297,-0.020914249900200743
2021-05-11,245.19332885742188,-0.003843348209257136
2021-05-12,237.9937896728516,-0.02936270418987119
2021-05-13,242.00680541992188,0.016861850691930247
2021-05-14,247.10525512695312,0.021067381548153463
2021-05-17,244.1477508544922,-0.011968601278598778
2021-05-18,242.05661010742188,-0.008565062507238097
2021-05-19,242.65545654296875,0.0024739933161961325
2021-05-20,246.009033203125,0.013820322476706393
2021-05-21,244.7015380859375,-0.005314825639381793
2021-05-24,250.3008270263672,0.02288211583886013
2021-05-25,251.2390289306641,0.00374829726071213
2021-05-26,251.0094757080078,-0.0009136845641909419
2021-05-27,248.8336334228516,-0.0086683671164961
2021-05-28,249.20291137695312,0.00148403553419163
2021-06-01,246.9272766113281,-0.009131654012592305
2021-06-02,246.8274688720703,-0.00040419892296827964
2021-06-03,245.2405242919922,-0.006429367798203356
2021-06-04,250.310791015625,0.020674669238579746
2021-06-07,253.3250274658203,0.01204197564941234
2021-06-08,252.08741760253903,-0.004885462268224838
2021-06-09,253.1054534912109,0.004038424044935818
2021-06-10,256.7484741210937,0.014393291727352153
2021-06-11,257.39724731445307,0.0025268823722526257
2021-06-14,259.3934326171875,0.007755270592679553
2021-06-15,257.8663330078125,-0.005887194575310173
2021-06-16,256.88821411132807,-0.003793123689608602
2021-06-17,260.4014892578125,0.013676280006220454
2021-06-18,258.93429565429693,-0.005634351814566507
2021-06-21,262.128173828125,0.012334705087085895
2021-06-22,265.002685546875,0.01096605403673534
2021-06-23,264.7631225585937,-0.0009040021152499911
2021-06-24,266.180419921875,0.005353076929992984
2021-06-25,264.5136108398437,-0.006261952259751236
2021-06-28,268.20654296875,0.013961217788306168
2021-06-29,270.88140869140625,0.009973156109647663
2021-06-30,270.38238525390625,-0.001842221066077343
2021-07-01,271.0810546875,0.0025840049932899234
2021-07-02,277.11947631835943,0.02227533620090294
2021-07-06,277.12945556640625,3.601063403912974e-05
2021-07-07,279.39511108398443,0.00817544101527412
2021-07-08,276.88992309570307,-0.008966470381539082
2021-07-09,277.408935546875,0.0018744360407529914
2021-07-12,276.79013061523443,-0.00223065969530023
2021-07-13,280.443115234375,0.013197669335322404
2021-07-14,281.97021484375,0.0054453096775035625
2021-07-15,280.49301147460943,-0.0052388631542489295
2021-07-16,280.21356201171875,-0.000996279591500504
2021-07-19,276.480712890625,-0.013321443452967596
2021-07-20,278.78628540039057,0.008338999439275963
2021-07-21,280.8623046875,0.007446633481729137
2021-07-22,285.59326171875,0.016844400093183998
2021-07-23,289.11651611328125,0.012336615973807197
2021-07-26,288.4976806640625,-0.002140436172716864
2021-07-27,285.99249267578125,-0.008683563703232644
2021-07-28,285.673095703125,-0.0011168019470298995
2021-07-29,285.95257568359375,0.0009783209713216667
2021-07-30,284.3656005859375,-0.005549784239090916
2021-08-02,284.2757873535156,-0.0003158371907038271
2021-08-03,286.5713806152344,0.00807523314978642
2021-08-04,285.9625549316406,-0.002124516699073986
2021-08-05,288.966796875,0.010505717939460757
2021-08-06,288.90692138671875,-0.0002072054261208489
2021-08-09,287.779052734375,-0.0039039170364285614
2021-08-10,285.8927001953125,-0.006554863952532464
2021-08-11,286.4017333984375,0.0017805043737642023
2021-08-12,289.2562561035156,0.009966848563402131
2021-08-13,292.2904357910156,0.010489590539449534
2021-08-16,294.037109375,0.005975815045940136
2021-08-17,292.5199890136719,-0.005159622078155013
2021-08-18,290.7300109863281,-0.006119164824869738
2021-08-19,296.7699890136719,0.020775213425172634
2021-08-20,304.3599853515625,0.025575349997876584
2021-08-23,304.6499938964844,0.000952847151004077
2021-08-24,302.6199951171875,-0.006663380337984304
2021-08-25,302.010009765625,-0.002015680924607355
2021-08-26,299.0899963378906,-0.009668598169976117
2021-08-27,299.7200012207031,0.0021064057324764462
2021-08-30,303.5899963378906,0.012912034903996172
2021-08-31,301.8800048828125,-0.0056325685157785355
2021-09-01,301.8299865722656,-0.0001656893790176195
2021-09-02,301.1499938964844,-0.0022528996654824773
2021-09-03,301.1400146484375,-3.3137135145744345e-05
2021-09-10,295.7099914550781,-0.018031556515990088
2021-08-20,304.3599853515625,0.02925161187121539
2021-08-23,304.6499938964844,0.000952847151004077
2021-08-24,302.6199951171875,-0.006663380337984304
2021-08-25,302.010009765625,-0.002015680924607355
2021-08-26,299.0899963378906,-0.009668598169976117
2021-08-27,299.7200012207031,0.0021064057324764462
2021-08-30,303.5899963378906,0.012912034903996172
2021-08-31,301.8800048828125,-0.0056325685157785355
2021-09-01,301.8299865722656,-0.0001656893790176195
2021-09-02,301.1499938964844,-0.0022528996654824773
2021-09-03,301.1400146484375,-3.3137135145744345e-05
2021-09-10,295.7099914550781,-0.018031556515990088
